,x11,x12,x13,x21,x22,x23,x31,x32,x33,y11,y12,y13,y21,y22,y23,y31,y32,y33,b1,b2
0000,-1.0019467,-0.0026119342,0.9966792,-2.0025487,-0.0033054845,1.9959671,-1.0032465,-0.0039648167,0.9954017,-1.0031654,-2.003383,-1.0036675,-0.0041900356,-0.004463744,-0.0047188005,0.99479896,1.9945236,0.9943447,-0.2561143,-0.06571406
0010,-0.9900307,0.011652482,1.0131934,-1.9920928,0.009438962,2.0109406,-0.99424213,0.007192741,1.0087157,-1.0107206,-2.0095341,-1.008512,-0.01365495,-0.012546415,-0.011394616,0.983637,1.9845072,0.9856179,-0.23335338,-0.06419041
0020,-0.97866946,0.018806903,1.0163195,-1.9819016,0.015227573,2.012501,-0.98536843,0.011752717,1.0091598,-0.997449,-1.9979044,-0.9986042,-0.0023087484,-0.0029441086,-0.0034858682,0.9931563,1.9921925,0.9916526,-0.21180618,-0.04123742
0030,-0.9733267,0.017763415,1.0090753,-1.9784589,0.011907913,2.0026174,-0.9841313,0.006590073,0.99779,-0.9800661,-1.9834797,-0.9872259,0.012714232,0.008902045,0.0052529336,1.0058297,2.0017648,0.99834144,-0.18833883,-0.0066820625
0040,-0.9703731,0.015002085,1.0007168,-1.976865,0.0074471813,1.9922045,-0.98425066,0.00074666354,0.98635703,-0.9674854,-1.9737216,-0.9803462,0.02319438,0.01633269,0.009704574,1.0141687,2.0071335,1.0009269,-0.16975698,0.022461422
0050,-0.96308684,0.016944654,0.99745077,-1.9703623,0.008249455,1.9874403,-0.9787725,0.00090417557,0.98131275,-0.962659,-1.9714576,-0.9807018,0.025829993,0.016160961,0.006819473,1.0146482,2.0048878,0.9961929,-0.15112568,0.03889209
0060,-0.9579618,0.017028091,0.9926227,-1.9650627,0.008104859,1.9820013,-0.97355705,0.0010359226,0.9765159,-0.97713727,-1.9877869,-0.9989831,0.0075420397,-0.0042711515,-0.01555641,0.99297684,1.9810898,0.9706386,-0.13481966,0.029361779
0070,-0.953749,0.016833723,0.988169,-1.9602883,0.0081676515,1.9774698,-0.9686028,0.0016492108,0.97283375,-0.9838401,-1.9952474,-1.0072503,-0.0046491288,-0.017401567,-0.029459827,0.9758348,1.9629433,0.9518702,-0.12326546,0.011513219
0080,-0.9522418,0.014296799,0.98168546,-1.9583222,0.005780945,1.9708203,-0.96625805,-1.384746e-05,0.9672089,-0.9802576,-1.9916686,-1.0038806,-0.0059727468,-0.018957853,-0.031191876,0.96981233,1.9565718,0.9454497,-0.11351823,0.0024075897
0090,-0.9491258,0.0135063445,0.97713435,-1.9548824,0.0050037378,1.9659325,-0.9626763,-0.0003196739,0.96308875,-0.9744024,-1.9856205,-0.99774307,-0.003908634,-0.016828235,-0.02890944,0.968163,1.9548845,0.94396824,-0.10566898,-0.0012855595
0100,-0.9464346,0.01241795,0.9723414,-1.9518213,0.0039523365,1.9608634,-0.9595189,-0.0008922013,0.9588405,-0.96874195,-1.9798903,-0.99203694,-0.0014950831,-0.014403995,-0.026492517,0.9672827,1.9539098,0.9430345,-0.098452725,-0.0018331734
0110,-0.9445072,0.010795486,0.9672598,-1.9497297,0.0022311334,1.955413,-0.9574148,-0.0022775945,0.9540206,-0.9662255,-1.977544,-0.9899123,-0.0021288344,-0.015224756,-0.027489593,0.96354187,1.9499032,0.9388477,-0.09170644,-0.0037506695
0120,-0.9405607,0.01124155,0.9642571,-1.9454186,0.0026928035,1.9521065,-0.95297676,-0.0013840924,0.95145226,-0.9617989,-1.9731083,-0.9854981,-0.0005369873,-0.013673587,-0.025913527,0.9624724,1.948709,0.9376522,-0.08632706,-0.0040888586
0130,-0.93839985,0.010129532,0.9599572,-1.9429553,0.0016072537,1.9475608,-0.95032954,-0.0020140137,0.94769096,-0.96130913,-1.9725978,-0.98506314,-0.0023064914,-0.015511624,-0.027764237,0.95842844,1.944483,0.93342644,-0.08112986,-0.005984963
0140,-0.9363821,0.0091246795,0.9559896,-1.9408745,0.00040512808,1.9431287,-0.94833803,-0.002989903,0.94379604,-0.9579687,-1.9689327,-0.981273,-0.0010926224,-0.014043972,-0.026098358,0.95757496,1.9437157,0.9328686,-0.07777914,-0.0061536557
0150,-0.9341841,0.008506771,0.9525742,-1.9382932,-6.612482e-05,1.9395773,-0.9455924,-0.003027717,0.9409556,-0.9538146,-1.9647231,-0.97704256,0.0005660235,-0.012402853,-0.024379132,0.95678836,1.9428405,0.9320829,-0.074080825,-0.0065489
0160,-0.93211776,0.007928219,0.94936526,-1.9358686,-0.000512151,1.9362699,-0.9429699,-0.0030100525,0.9383859,-0.9521248,-1.9628543,-0.97517365,-0.00014246811,-0.012985079,-0.024867972,0.9538332,1.9398757,0.9292658,-0.06874934,-0.007874274
0170,-0.9299657,0.0072545954,0.94596547,-1.9332749,-0.0010190826,1.9327585,-0.9402204,-0.0030294112,0.9356116,-0.94912314,-1.9596504,-0.9719258,0.00080288376,-0.011874807,-0.02362499,0.9526979,1.9388137,0.92839766,-0.066873424,-0.0069715427
0180,-0.92792314,0.006684458,0.9428362,-1.9308172,-0.0013913773,1.9296024,-0.9376876,-0.0030591874,0.9330691,-0.9475374,-1.9578078,-0.9698702,0.00041479486,-0.012046365,-0.023536555,0.95037436,1.9365677,0.92646426,-0.06328021,-0.0073154345
0190,-0.926366,0.005853845,0.93968046,-1.9290314,-0.002213636,1.9261775,-0.93585825,-0.0035936255,0.930173,-0.94632584,-1.9564067,-0.96840876,-0.00036593032,-0.012674288,-0.024017133,0.94769305,1.9339516,0.92407143,-0.059962597,-0.007927632
0200,-0.924504,0.0052328035,0.9367033,-1.9266049,-0.0025237277,1.9232055,-0.9331301,-0.003344621,0.92801094,-0.9434059,-1.9532627,-0.965089,0.000845278,-0.011262628,-0.02234283,0.94726294,1.9335885,0.9239979,-0.058051072,-0.0080749225
0210,-0.9227786,0.0047973893,0.9340677,-1.924571,-0.002875481,1.920413,-0.93098485,-0.003331325,0.92587215,-0.9432504,-1.9527998,-0.9644999,-0.00078683696,-0.012673344,-0.023531,0.94388235,1.9303399,0.9209921,-0.056022108,-0.009145468
0220,-0.92073405,0.0046028392,0.9317435,-1.9222418,-0.0029768343,1.9179333,-0.92846847,-0.0029738995,0.92409045,-0.94016886,-1.9495782,-0.9612515,0.0006835807,-0.0111112045,-0.021892888,0.9437617,1.930173,0.92091274,-0.054829042,-0.006780672
0230,-0.9185933,0.0045922482,0.92956823,-1.9196836,-0.002771957,1.9157262,-0.9258257,-0.0024048076,0.9225045,-0.93736434,-1.9465963,-0.95826274,0.001912825,-0.009744977,-0.02042821,0.94334733,1.9298629,0.9207683,-0.052573197,-0.0064818677
0240,-0.9166427,0.0045134034,0.9274296,-1.9172233,-0.0025169298,1.9136827,-0.9232369,-0.0017683317,0.92104834,-0.936896,-1.946028,-0.9576466,0.0007109262,-0.010908702,-0.021435622,0.94043636,1.9269142,0.91803783,-0.050243743,-0.007078939
0250,-0.915499,0.0036764215,0.9246191,-1.9159533,-0.0034420886,1.9105284,-0.92191625,-0.0023952094,0.91843575,-0.93481934,-1.9438102,-0.9553807,0.0012949047,-0.010189401,-0.020563098,0.93954974,1.9260905,0.9174183,-0.04889047,-0.0077653336
0260,-0.9139427,0.0031713566,0.922032,-1.9141855,-0.003906709,1.9077984,-0.9200385,-0.0024990197,0.9163424,-0.93292373,-1.9417249,-0.9533965,0.001728289,-0.009645703,-0.02001556,0.9384839,1.9250559,0.91645646,-0.046748675,-0.008044681
0270,-0.9122999,0.0029186509,0.9198926,-1.9122784,-0.0040735756,1.9055715,-0.91819286,-0.0024805742,0.9145931,-0.9312941,-1.9399087,-0.9514259,0.0019247211,-0.009276491,-0.019486988,0.9372449,1.923887,0.9155109,-0.044608872,-0.0065335506
0280,-0.9112749,0.0020190033,0.9171396,-1.9110255,-0.0049133264,1.9026479,-0.9168308,-0.0029705907,0.9122097,-0.9304985,-1.938822,-0.95017844,0.0012641129,-0.009685873,-0.0196665,0.9351438,1.921971,0.9138704,-0.042957567,-0.008256937
0290,-0.908657,0.0026924477,0.9158565,-1.9081994,-0.004184273,1.9012216,-0.9140032,-0.0020332378,0.91125727,-0.92973804,-1.9377857,-0.94895154,0.0008503769,-0.009861863,-0.01958648,0.93355066,1.9205471,0.91274506,-0.040253185,-0.009170198
0300,-0.9073195,0.0022635637,0.9136475,-1.9066852,-0.0046489662,1.8987688,-0.9124492,-0.002238393,0.90926737,-0.9285366,-1.9363992,-0.9475516,0.0007962572,-0.009754809,-0.019328704,0.9322625,1.9193398,0.9117445,-0.038121253,-0.010101442
0310,-0.90548617,0.0023195427,0.91203254,-1.9045426,-0.004465027,1.8970789,-0.9102819,-0.0018198455,0.90797514,-0.9262628,-1.9338164,-0.9448636,0.0018999623,-0.0083559835,-0.017736062,0.93210363,1.9193931,0.91203153,-0.036453392,-0.009818281
0320,-0.9036543,0.0024005903,0.9104305,-1.9024563,-0.0043162787,1.895293,-0.9081068,-0.0013396201,0.9067463,-0.9256251,-1.9330593,-0.9440931,0.0012151707,-0.00895331,-0.018286966,0.93012744,1.9174151,0.9101042,-0.034537002,-0.010490636
0330,-0.9028126,0.001516158,0.9077995,-1.90138,-0.005156001,1.8924937,-0.90696317,-0.0018748558,0.9044718,-0.9248441,-1.932046,-0.9429581,0.0006190915,-0.009344251,-0.018465003,0.9281985,1.915595,0.9085629,-0.035321992,-0.011203046
0340,-0.90147644,0.0011717973,0.90579134,-1.8997366,-0.00538508,1.8903863,-0.9052412,-0.0017949722,0.90287024,-0.92343354,-1.9304032,-0.9412289,0.0010726152,-0.008693436,-0.017689312,0.92776215,1.9152694,0.9083878,-0.032814663,-0.011814101
0350,-0.89965993,0.0013646565,0.904352,-1.8977659,-0.00517521,1.8887453,-0.9033248,-0.0014125825,0.9016365,-0.9223688,-1.9291979,-0.93993443,0.0011019023,-0.008599665,-0.017477484,0.92674863,1.9142326,0.90748245,-0.031159742,-0.011686345
0360,-0.89808214,0.0013536388,0.9028177,-1.8961047,-0.0053188344,1.8869014,-0.9017328,-0.001428229,0.9000864,-0.9205436,-1.9271337,-0.93778396,0.0016797058,-0.007835553,-0.016543064,0.9261134,1.9137242,0.90718716,-0.029072003,-0.0110964
0370,-0.89719737,0.0006081889,0.9004397,-1.894951,-0.0059633027,1.884411,-0.9005194,-0.0018089613,0.89811033,-0.9197652,-1.9261883,-0.93675995,0.0014835051,-0.007907942,-0.016488887,0.92490596,1.9125432,0.9061658,-0.027648007,-0.01052061
0380,-0.8955892,0.0006449772,0.8989172,-1.8930045,-0.0057792687,1.8827587,-0.8984439,-0.0013309827,0.8969393,-0.9187463,-1.9249297,-0.9353305,0.0013554398,-0.00779845,-0.016092231,0.9236454,1.9114845,0.9054245,-0.02654491,-0.0104051875
0390,-0.8942394,0.00041310934,0.89710504,-1.8914601,-0.0060249157,1.8806702,-0.89698577,-0.0014466227,0.8951537,-0.91654545,-1.9224983,-0.93275774,0.00252663,-0.006409109,-0.014444211,0.9238519,1.9117846,0.90602493,-0.02497201,-0.01070391
0400,-0.8933344,-0.00032315747,0.8947608,-1.8903968,-0.0067428737,1.8781502,-0.8958373,-0.0018673672,0.8931464,-0.91691536,-1.9225818,-0.9326394,0.0011421395,-0.0075703985,-0.01535771,0.9214388,1.9095384,0.9040684,-0.023095619,-0.011659825
0410,-0.8916624,-0.00013912794,0.8934203,-1.8885964,-0.0065735006,1.876578,-0.8940444,-0.001533834,0.89195263,-0.9146017,-1.9199933,-0.93001115,0.0024069708,-0.006100275,-0.013737775,0.92171466,1.909904,0.90462947,-0.021102183,-0.009641953
0420,-0.8906167,-0.0005613265,0.89151543,-1.8872918,-0.0069450233,1.8744935,-0.89272016,-0.0017357428,0.89016217,-0.9146716,-1.9197963,-0.92959607,0.0013399994,-0.0069358163,-0.014304157,0.9196592,1.9079837,0.90301216,-0.020469781,-0.009079494
0430,-0.88912475,-0.0004009354,0.8903194,-1.8854926,-0.0066588633,1.8732247,-0.89083654,-0.0011923446,0.88930964,-0.91335815,-1.9182861,-0.9279444,0.0017077584,-0.0063904207,-0.01351306,0.9190653,1.9075044,0.90288734,-0.018874351,-0.008698231
0440,-0.88771313,-0.00038045485,0.888889,-1.8837551,-0.0064624776,1.8718042,-0.88898146,-0.0006905727,0.8884187,-0.91374195,-1.918402,-0.92788213,0.00035467965,-0.0075364606,-0.014406125,0.91672224,1.9052879,0.90094763,-0.018402703,-0.0101883635
0450,-0.8868039,-0.0008250545,0.8870329,-1.882783,-0.006976352,1.8696939,-0.8880549,-0.00105171,0.88668156,-0.9113582,-1.9158225,-0.9252188,0.0016856465,-0.006072473,-0.012784714,0.91702455,1.9056407,0.901475,-0.017673878,-0.0068920986
0460,-0.8856826,-0.001129868,0.8853347,-1.8815255,-0.0072868885,1.8677926,-0.88688946,-0.0012551997,0.8850797,-0.9114407,-1.9157524,-0.92513216,0.0006450679,-0.006996114,-0.013609576,0.91505456,1.9037309,0.8997203,-0.015849499,-0.0076147886
0470,-0.88364685,-0.0004501067,0.88467926,-1.8793128,-0.0065596346,1.8669827,-0.8846482,-0.0002914237,0.8846768,-0.9103702,-1.9143891,-0.9235562,0.00090559694,-0.0064761783,-0.012829703,0.9144876,1.9033668,0.89964753,-0.014605282,-0.0072060884
0480,-0.88306826,-0.0011412535,0.88272655,-1.8785183,-0.0071495743,1.8649147,-0.8838136,-0.00067597657,0.8830304,-0.9093266,-1.9131311,-0.9222018,0.0010174124,-0.0061816424,-0.0123359505,0.9136855,1.9026738,0.89918905,-0.014673513,-0.0066707022
0490,-0.8820428,-0.0014531594,0.8810534,-1.8773135,-0.0074287155,1.8630913,-0.88259876,-0.00077327865,0.8815873,-0.9082434,-1.9118451,-0.92085886,0.0012094405,-0.005840171,-0.011839208,0.913044,1.9021411,0.89884883,-0.013419273,-0.006964354
0500,-0.8805894,-0.0013387961,0.87979466,-1.8756369,-0.007181063,1.8617917,-0.88082427,-0.0003093339,0.88065404,-0.90911233,-1.9125519,-0.92151296,-0.00058253,-0.007483568,-0.013332162,0.9104217,1.8996046,0.8965026,-0.013731244,-0.0070149456
0510,-0.8793749,-0.0013932849,0.878464,-1.8742148,-0.007164606,1.8603398,-0.8794501,-0.00013664845,0.8795267,-0.9070857,-1.910398,-0.91933167,0.0006277935,-0.006145525,-0.011882361,0.91079897,1.9000933,0.8971597,-0.013398089,-0.0064778375
0520,-0.87820905,-0.0015317326,0.8769792,-1.872894,-0.007280819,1.8586752,-0.8782029,-0.00013994543,0.8781906,-0.90593207,-1.9090264,-0.9178696,0.0009239778,-0.005696241,-0.0112919705,0.91026396,1.8996805,0.89697415,-0.0127145145,-0.006194549
0530,-0.87730926,-0.001829599,0.87543017,-1.8718287,-0.007542488,1.8570175,-0.87720686,-0.00030089755,0.8768123,-0.90599513,-1.9088331,-0.9175396,2.3937715e-05,-0.00640802,-0.011789907,0.90853035,1.8980441,0.8955885,-0.011525149,-0.007044093
0540,-0.876102,-0.001838374,0.87415004,-1.8704119,-0.0074727167,1.855628,-0.8756453,8.267109e-05,0.87586325,-0.9048487,-1.9073782,-0.91587967,0.000531884,-0.00564272,-0.0107748285,0.90840137,1.8980968,0.895896,-0.009742828,-0.0057616644
0550,-0.8750122,-0.0020458358,0.87268937,-1.8692114,-0.0076538087,1.8540311,-0.87447906,4.13828e-05,0.87456983,-0.9035364,-1.9059364,-0.91443795,0.0011639287,-0.004955956,-0.009971042,0.90832263,1.8980376,0.89600396,-0.008486962,-0.0039228825
0560,-0.87417436,-0.0024724577,0.8709718,-1.8682108,-0.008021396,1.852225,-0.87332046,-3.6514314e-06,0.8732872,-0.902893,-1.9051155,-0.91353285,0.001047405,-0.004952178,-0.009817493,0.9074689,1.8972139,0.89536077,-0.009453214,-0.0053457636
0570,-0.87259066,-0.0020606872,0.8702598,-1.8664755,-0.0076100314,1.8513311,-0.87158674,0.0005841886,0.87270427,-0.9023221,-1.9043026,-0.91255814,0.00077692384,-0.0050444873,-0.009653927,0.9063705,1.8961968,0.8946015,-0.007926738,-0.0046658255
0580,-0.8711935,-0.0019348464,0.869124,-1.8649899,-0.007503797,1.8499634,-0.87010235,0.00084931013,0.87167317,-0.9028966,-1.9047519,-0.91288334,-0.00053791126,-0.006252361,-0.010642094,0.9043925,1.8942343,0.8928846,-0.008426631,-0.004538624
0590,-0.8700072,-0.0019409846,0.8679293,-1.863641,-0.0074506835,1.8486648,-0.868748,0.0010944471,0.8707609,-0.9017314,-1.9032592,-0.9111335,-0.00014119629,-0.0055305604,-0.009581293,0.9040742,1.894145,0.89319056,-0.0077348594,-0.0030673828
0600,-0.86885417,-0.0019396078,0.8667274,-1.8624436,-0.007524315,1.8472289,-0.86757433,0.0011534689,0.869618,-0.9016982,-1.9029831,-0.91069895,-0.00088730035,-0.006051489,-0.009896035,0.90254235,1.8927875,0.89209104,-0.007624248,-0.004960055
0610,-0.8674022,-0.0016871967,0.86582947,-1.8609092,-0.007297492,1.8461275,-0.8661037,0.0015208531,0.8688258,-0.9002165,-1.9013337,-0.9089482,-7.84877e-05,-0.005076616,-0.008728542,0.90269357,1.8930568,0.89258593,-0.007261444,-0.0037572999
0620,-0.8665776,-0.0019463273,0.86448073,-1.859883,-0.007462922,1.8446912,-0.8650556,0.0015475816,0.8677778,-0.8996916,-1.900475,-0.9078477,-0.00023370533,-0.004933316,-0.008250749,0.9018832,1.8925277,0.89243525,-0.005968661,-0.0020424183
0630,-0.86570734,-0.002134535,0.8632024,-1.8588707,-0.007659505,1.8432325,-0.8641315,0.0014087864,0.86653847,-0.8987541,-1.8994262,-0.90673935,-0.0001346516,-0.0047542593,-0.007945359,0.9011465,1.8918427,0.89192486,-0.005907684,-0.0018647795
0640,-0.8643748,-0.0018760853,0.8623812,-1.8574393,-0.0074084154,1.8422474,-0.8628294,0.0016962836,0.8657691,-0.89904445,-1.899498,-0.90673447,-0.0010489058,-0.005456036,-0.008483276,0.8996056,1.8904525,0.8907375,-0.006100136,-0.003084347
0650,-0.8641257,-0.0026020303,0.8606318,-1.8571123,-0.008174781,1.8403078,-0.8626594,0.00087632076,0.86391664,-0.8975271,-1.897904,-0.9051582,-0.00040096114,-0.0047713364,-0.007739689,0.8994484,1.8902506,0.8906184,-0.005826798,-0.0015787248
0660,-0.8615123,-0.0011355075,0.861074,-1.8544624,-0.006791716,1.8404945,-0.8603073,0.002111538,0.8640916,-0.8978392,-1.8979986,-0.9051469,-0.0013762438,-0.005560843,-0.008335487,0.89786613,1.888825,0.88943124,-0.004673938,-0.001961966
0670,-0.86179686,-0.0025522213,0.8585295,-1.8545603,-0.0081661865,1.8378158,-0.8603503,0.0009677313,0.86178684,-0.89644766,-1.8963839,-0.9035009,-0.0006853256,-0.004717342,-0.007394269,0.8978083,1.8888308,0.8895911,-0.00605013,7.47688e-05
0680,-0.86001104,-0.0017847273,0.85829043,-1.8527179,-0.007476984,1.8373415,-0.85854983,0.0018066274,0.86160725,-0.8961684,-1.8958844,-0.90285707,-0.0010036622,-0.004896972,-0.007344582,0.89692396,1.8880237,0.8890385,-0.0046768533,-0.0019904857
0690,-0.8591425,-0.0019253355,0.8571105,-1.8517687,-0.0076366803,1.8360254,-0.85770667,0.0016918991,0.86048394,-0.89581937,-1.8955013,-0.9024968,-0.0014131482,-0.005330158,-0.0077266507,0.89575887,1.8867568,0.887889,-0.0052001453,-0.00088723213
0700,-0.8583429,-0.0021885969,0.8557954,-1.8508221,-0.007876817,1.8345754,-0.8567265,0.0016612158,0.8594208,-0.8956101,-1.8952278,-0.9021363,-0.0018591378,-0.0057109483,-0.007944796,0.89471453,1.8857393,0.8870691,-0.0052226586,-0.0020283335
0710,-0.8569892,-0.0019158982,0.85502905,-1.8494599,-0.0077476637,1.8334959,-0.85551125,0.001788428,0.8584791,-0.89389896,-1.893287,-0.89997596,-0.00074113114,-0.004419208,-0.006380323,0.8952483,1.886411,0.88799006,-0.004297793,-0.0007463959
0720,-0.8564052,-0.0023111172,0.8536458,-1.848767,-0.008174486,1.8319299,-0.8550014,0.0013349202,0.8570087,-0.8934153,-1.8926004,-0.8992125,-0.00087143667,-0.004387921,-0.006167434,0.89453006,1.8857927,0.88758475,-0.005230697,0.000115372204
0730,-0.854509,-0.001463097,0.8534686,-1.8469162,-0.0074807103,1.831419,-0.8533158,0.0020143217,0.8566289,-0.8940101,-1.8930312,-0.8996134,-0.0020078018,-0.005383446,-0.0070764916,0.89281875,1.884144,0.88605297,-0.004518841,-0.00040431885
0740,-0.85365105,-0.0016414509,0.8522859,-1.8460392,-0.007754073,1.8299922,-0.85259354,0.0017442179,0.855374,-0.8924418,-1.89134,-0.8978577,-0.0010540392,-0.004353695,-0.005909689,0.8931894,1.884557,0.8865992,-0.004039051,-0.0004709602
0750,-0.8530161,-0.0019545963,0.850985,-1.8451964,-0.008007073,1.8285954,-0.85176796,0.001577788,0.85424006,-0.89267576,-1.8914269,-0.89777416,-0.0020642115,-0.005270692,-0.0066056806,0.8914367,1.8828311,0.8851418,-0.0043698316,-0.00018867748
0760,-0.85123175,-0.0011312865,0.85079426,-1.8433317,-0.0072373636,1.8282373,-0.8501327,0.0022700047,0.8539725,-0.8916968,-1.8903749,-0.8968139,-0.0017513501,-0.0049206414,-0.006245256,0.8910881,1.8824362,0.8848138,-0.004333252,-0.0013136637
0770,-0.8506967,-0.0015532187,0.84937507,-1.8426163,-0.0075991964,1.8267487,-0.84941965,0.0020509153,0.85275775,-0.890237,-1.888705,-0.8949651,-0.00085698895,-0.0038670474,-0.0049706236,0.8914487,1.8828917,0.88550544,-0.004154071,9.085726e-05
0780,-0.8501833,-0.0019899104,0.8479603,-1.8419086,-0.007939125,1.8252841,-0.8486795,0.0019015045,0.85161287,-0.8909817,-1.8891306,-0.8952466,-0.0022540598,-0.0050079413,-0.0058603627,0.88943666,1.8810394,0.8839708,-0.0045076343,0.0005046864
0790,-0.8488762,-0.0017324882,0.8471993,-1.8406028,-0.007812963,1.8242006,-0.84755546,0.0020159418,0.8506841,-0.8896571,-1.8876165,-0.89367044,-0.0014121648,-0.0040369867,-0.0047882604,0.8897599,1.881437,0.88453794,-0.0045095743,0.0017533447
0800,-0.8477442,-0.0015369761,0.8464441,-1.8393859,-0.0076533714,1.8232441,-0.8464523,0.002213753,0.8499021,-0.8906653,-1.8883835,-0.8942636,-0.0029982203,-0.0054041203,-0.0059096944,0.88760835,1.8794425,0.88283056,-0.00419072,0.00048611927
0810,-0.84685445,-0.0015093138,0.8455606,-1.8384689,-0.0077347998,1.8221132,-0.84564114,0.0021574874,0.848948,-0.8895816,-1.8871495,-0.8929635,-0.0024724414,-0.0047787856,-0.005157224,0.887647,1.8794926,0.88303393,-0.0031053864,-0.00036416703
0820,-0.8462263,-0.0018555891,0.8442494,-1.8377174,-0.0080527,1.820659,-0.84492445,0.0019370464,0.8477527,-0.8889809,-1.886326,-0.89198935,-0.0025345087,-0.0046520606,-0.004821485,0.8869074,1.8788512,0.8826579,-0.0034001074,9.618032e-05
0830,-0.8450655,-0.0017228764,0.8433691,-1.8365004,-0.007965801,1.8196275,-0.8438513,0.0020598473,0.8468996,-0.888377,-1.8856239,-0.89135116,-0.0024640225,-0.00453068,-0.004713215,0.8863986,1.8783396,0.8822218,-0.0038083475,-0.0009606102
0840,-0.8433146,-0.00091970287,0.84320396,-1.834745,-0.0072392025,1.8192992,-0.84219795,0.0028396768,0.8467527,-0.88700527,-1.8841565,-0.8898414,-0.001687932,-0.0036959695,-0.0037603723,0.886634,1.8785462,0.88257086,-0.0038621356,0.0006770125
0850,-0.8429995,-0.0013895996,0.8419959,-1.8343779,-0.0077284425,1.817952,-0.8418784,0.0024281193,0.84556365,-0.8861974,-1.8832464,-0.8888932,-0.0014424371,-0.0033808746,-0.0033515154,0.88636947,1.8782713,0.88242626,-0.0031848554,-0.00019030109
0860,-0.84182787,-0.0010947022,0.8414506,-1.8330566,-0.0073709968,1.8173096,-0.84070414,0.0027672353,0.84507066,-0.88640285,-1.8833965,-0.8890635,-0.0022640899,-0.0041656094,-0.0040855114,0.8849139,1.8768235,0.88108206,-0.0035666034,-0.00043781832
0870,-0.8412112,-0.0013848618,0.8401881,-1.8322054,-0.007531224,1.8160203,-0.83981645,0.0027563605,0.8440746,-0.88494706,-1.8816252,-0.8871582,-0.0013888598,-0.0030267197,-0.002738151,0.88522756,1.8773484,0.8818622,-0.0031200985,0.00062120426
0880,-0.8398714,-0.0008778729,0.83989847,-1.8307436,-0.007015601,1.8155675,-0.83843046,0.0033121645,0.84379476,-0.88489795,-1.8814741,-0.8869721,-0.0020346465,-0.0036177624,-0.0031933007,0.8838862,1.8760004,0.88068396,-0.003398558,-0.00041286738
0890,-0.83923244,-0.0011483756,0.8387358,-1.8299959,-0.007324215,1.8142017,-0.8377731,0.003065215,0.84262395,-0.8849282,-1.8812156,-0.8864314,-0.002610879,-0.0039563,-0.0031894979,0.8827045,1.8749979,0.8800522,-0.0033162574,-0.0013152277
0900,-0.8380167,-0.000887862,0.8380636,-1.828753,-0.0071535446,1.8132935,-0.8366118,0.0033374603,0.84195423,-0.88371265,-1.8797765,-0.88491565,-0.0019821604,-0.0031137215,-0.0021801516,0.88280404,1.875223,0.8804813,-0.0030007416,-0.0020034376
0910,-0.8372469,-0.0010325616,0.8370028,-1.8278043,-0.0072022495,1.8122051,-0.83563066,0.0034745326,0.84117556,-0.88357204,-1.8794662,-0.8844914,-0.0024369117,-0.0034179105,-0.0023273486,0.8817609,1.8742647,0.8797173,-0.0023027975,-0.0017286052
0920,-0.8366264,-0.0013787524,0.8356798,-1.8270221,-0.0074874987,1.8107647,-0.8349514,0.0032374419,0.83995676,-0.8832925,-1.8790362,-0.8839226,-0.0026162155,-0.0034412413,-0.0021467514,0.88120764,1.873782,0.8794651,-0.003015261,-0.00097634364
0930,-0.8360201,-0.0016109522,0.83458304,-1.826332,-0.0077586,1.8095312,-0.8343012,0.0030693763,0.83893454,-0.8822882,-1.8778974,-0.882607,-0.0022340422,-0.0029722946,-0.0014633663,0.8809548,1.8735725,0.87951165,-0.0036486634,-0.0004175492
0940,-0.83459115,-0.0011120763,0.8341622,-1.8247821,-0.0072443886,1.8090113,-0.8327019,0.0037697155,0.8387504,-0.88239115,-1.8778809,-0.8825216,-0.002814045,-0.0034553173,-0.0018252869,0.879892,1.8725702,0.8786584,-0.0026713717,-0.0013694119
0950,-0.83395785,-0.0013406436,0.8330601,-1.8241254,-0.007531237,1.8077009,-0.83211607,0.0035530617,0.8376434,-0.8815092,-1.8767527,-0.8812507,-0.0024874546,-0.0029077996,-0.0010731235,0.87968993,1.8725361,0.87888175,-0.0023544703,0.00054243027
0960,-0.8327295,-0.000971513,0.83258677,-1.8229319,-0.0072656884,1.8070104,-0.83107567,0.0037696783,0.83701426,-0.8818042,-1.8768431,-0.8812128,-0.0033191282,-0.0035624593,-0.0015366334,0.8783584,1.8713061,0.8778595,-0.0031689587,-0.0008287063
0970,-0.8322355,-0.001324046,0.8313227,-1.8221675,-0.007466397,1.8057956,-0.83023053,0.0038291242,0.83622354,-0.8817117,-1.8765608,-0.88085407,-0.0037339197,-0.0038525334,-0.0016943319,0.87742937,1.870446,0.8771506,-0.0033538842,-0.00061486365
0980,-0.8310832,-0.0009585268,0.83082944,-1.8209066,-0.007084187,1.8051946,-0.8290441,0.004268739,0.8358275,-0.8808601,-1.8756434,-0.8799183,-0.0034886603,-0.0035688586,-0.0013088009,0.8771046,1.8701203,0.87698543,-0.0024278006,-0.0011300126
0990,-0.8298904,-0.00068690843,0.83013463,-1.8197343,-0.0069620684,1.8042678,-0.82797456,0.004465177,0.8351531,-0.879381,-1.8740481,-0.8783292,-0.0024552234,-0.0024466119,-0.00016713343,0.8776841,1.8707428,0.87762904,-0.0032315496,-4.4751192e-05
1000,-0.829645,-0.0012623095,0.8287454,-1.8192663,-0.007418687,1.8029034,-0.8274408,0.004227517,0.83413154,-0.8793541,-1.8739451,-0.87819797,-0.0029145381,-0.0028476133,-0.00048757275,0.87672794,1.8698218,0.8768054,-0.0041523823,-0.00074948673
1010,-0.8285622,-0.0005652827,0.8290544,-1.8181317,-0.0067258105,1.8031524,-0.8263386,0.0049662697,0.8345127,-0.88004696,-1.8745615,-0.8787504,-0.003791249,-0.0036524318,-0.0011854988,0.875681,1.8688036,0.87591285,-0.0031366786,-0.0011814204
1020,-0.8288663,-0.0012791347,0.8279655,-1.8183296,-0.007380424,1.8020272,-0.8264858,0.004438168,0.83357686,-0.878855,-1.8732339,-0.8773354,-0.002798903,-0.0025467686,4.0381048e-05,0.87646925,1.8696759,0.87692285,-0.003667491,-0.0007591628
1030,-0.82824236,-0.0010012417,0.8278993,-1.8176839,-0.0071158605,1.8018916,-0.8259203,0.004704033,0.83352524,-0.8796194,-1.8738495,-0.87785065,-0.00383929,-0.003461945,-0.00073050393,0.87516207,1.8684604,0.87587976,-0.0036634053,-0.00050981506
1040,-0.82801366,-0.0011684942,0.8273799,-1.8174361,-0.00730426,1.8012774,-0.8257844,0.004506444,0.8329729,-0.8794967,-1.8737365,-0.8778471,-0.0039223954,-0.003555869,-0.0008839199,0.87489027,1.8681414,0.87552565,-0.004062908,-0.0010497418
1050,-0.8274776,-0.0010213642,0.8271409,-1.8168485,-0.0071527013,1.8009466,-0.8252337,0.004718493,0.83279127,-0.87899196,-1.8731914,-0.8772641,-0.0036349806,-0.0032649105,-0.00052892946,0.87496316,1.8681886,0.8756613,-0.00351854,0.0004504674
1060,-0.8270354,-0.0009125862,0.8268873,-1.8164428,-0.007137714,1.8005246,-0.8249139,0.004715205,0.83242005,-0.8787446,-1.8728834,-0.87693363,-0.0036264223,-0.003202343,-0.00041566795,0.87473303,1.8679756,0.87553275,-0.0033199089,9.839601e-05
1070,-0.8269859,-0.0012379553,0.8261745,-1.8164235,-0.0075435005,1.7996644,-0.82501405,0.0042657107,0.8315904,-0.8788483,-1.8728926,-0.87687683,-0.0039709522,-0.003475066,-0.00058145093,0.87413853,1.867423,0.87512577,-0.0034844244,-4.2409236e-05
1080,-0.82677114,-0.0013789885,0.82569385,-1.8161768,-0.0076968553,1.7991116,-0.8248266,0.0041320613,0.83112293,-0.87821424,-1.8721656,-0.87608564,-0.0035806694,-0.0030144302,-6.4998917e-06,0.87428796,1.8676066,0.8754446,-0.0031941517,0.00018938792
1090,-0.8262867,-0.0012693492,0.8254469,-1.8156945,-0.0076522143,1.7987276,-0.8244546,0.0041564275,0.83076984,-0.87788886,-1.8717124,-0.87558556,-0.0034501986,-0.0027902448,0.00027740333,0.8742451,1.8676262,0.87555087,-0.0036385322,-0.0009281735
1100,-0.8254041,-0.00073477346,0.82564974,-1.8147213,-0.0070968997,1.7988614,-0.823469,0.0047879675,0.83102226,-0.8783492,-1.8721153,-0.87595624,-0.0041051735,-0.003410821,-0.00028111698,0.8734024,1.8667866,0.87480915,-0.0028989105,-0.0007418253
1110,-0.82534343,-0.0010387866,0.8249401,-1.8146521,-0.0074342648,1.7980845,-0.82351184,0.0044145444,0.8303035,-0.87756693,-1.8712872,-0.87514365,-0.0035176289,-0.0027994679,0.0003329337,0.87379116,1.8671539,0.8751897,-0.0036030074,-5.347478e-05
1120,-0.8249176,-0.0009586627,0.8246457,-1.8141615,-0.0073467665,1.7977235,-0.82304496,0.004540814,0.8300636,-0.8781722,-1.8718102,-0.87560135,-0.0043022675,-0.003545347,-0.00031577144,0.8728399,1.8662071,0.87433,-0.0030253548,-0.0010824885
1130,-0.82443994,-0.0008648005,0.8243537,-1.8135889,-0.0071986984,1.797428,-0.8224576,0.0047854222,0.8299249,-0.87743104,-1.8708943,-0.8745414,-0.0037639684,-0.0028410712,0.00056385587,0.87316453,1.8666298,0.8749515,-0.0027507804,-0.00093944627
1140,-0.8240409,-0.00082996703,0.82405883,-1.8131263,-0.0071315863,1.7970831,-0.8220606,0.004868,0.82965463,-0.87677485,-1.8701887,-0.8738635,-0.00335087,-0.0024138635,0.0010103408,0.8733117,1.8667554,0.8751182,-0.0028747264,-0.0006177903
1150,-0.8240766,-0.0012332792,0.82325876,-1.8130525,-0.007485619,1.7962523,-0.8219931,0.004590542,0.8289736,-0.8768929,-1.8701367,-0.8737399,-0.0036517587,-0.002577841,0.00096664403,0.8728654,1.8663965,0.87490964,-0.0034216077,-0.0014137134
1160,-0.8233631,-0.0008625298,0.8232975,-1.8122888,-0.0071073985,1.7962359,-0.8213549,0.004909729,0.82896125,-0.87638783,-1.8695583,-0.87315273,-0.0033740457,-0.0022596528,0.0013314455,0.87292856,1.8664654,0.8750608,-0.0026203385,-0.0009434873
1170,-0.8230091,-0.0008669651,0.8228867,-1.8119107,-0.0071444614,1.7957557,-0.820985,0.004969071,0.82865465,-0.87714523,-1.8702137,-0.87375057,-0.0043086535,-0.0030970892,0.00059469434,0.8718522,1.8654336,0.8741502,-0.0025368654,-0.0020106223
1180,-0.82242674,-0.00065345084,0.8227075,-1.8113236,-0.0069930567,1.7954495,-0.8205097,0.0050878967,0.82839656,-0.876315,-1.8693055,-0.87282693,-0.003668146,-0.0023921863,0.0013513656,0.87234896,1.8659275,0.87471735,-0.001977508,-0.0022551783
1190,-0.8226371,-0.0012059575,0.82179844,-1.8114214,-0.0074784462,1.794542,-0.8205758,0.0047061937,0.8276363,-0.87640876,-1.8692693,-0.8727074,-0.003949079,-0.002560996,0.0013000378,0.8718733,1.8655143,0.8744499,-0.0031469802,-0.0022367986
1200,-0.8219724,-0.00093221816,0.8216699,-1.8108039,-0.007293864,1.7942586,-0.82008445,0.0048421156,0.8273822,-0.8755758,-1.868407,-0.8719135,-0.0033346752,-0.0019254062,0.001911194,0.8722849,1.8659221,0.87485135,-0.0026278917,-0.0022478423
